FIXDOUBLEL_GENERAL_IPC_XM530_80X20.NAT.DSS.ONVIFS.HIK_V5.00.R02.20190816_ALL.BIN,uclibc,0.9.33.3,
FIXDOUBLEL_GENERAL_IPC_XM530_RA50X20_WIFIXM711.711.NAT.DSS.ONVIFS_V5.00.R02.20190725_ALL.BIN,uclibc,0.9.33.3,
FIXDOUBLEL_GENERAL_IPC_XM550_80X50.NAT.DSS.ONVIFS.HIK_V5.00.R02.20190718_ALL.BIN,uclibc,0.9.33.3,
FIXDOUBLEL_GENERAL_IPC_XM550_83X40.NAT.DSS.ONVIFS.HIK_V5.00.R02.20190802_ALL.BIN,uclibc,0.9.33.3,
FIXDOUBLEL_XMJP_IPC_XM530_50X20-HC_WIFIXM711.711.NAT.DSS.ONVIFS_V5.00.R02.20190720_ALL.BIN,uclibc,0.9.33.3,
FIXSTARIR_GENERAL_IPC_XM530_80X20.NAT.DSS.ONVIFS.HIK_V5.00.R02.20190816_ALL.BIN,uclibc,0.9.33.3,
FIXSTARIR_GENERAL_IPC_XM530_80X30.NAT.DSS.ONVIFS.HIK_V5.00.R02.20190814_ALL.BIN,uclibc,0.9.33.3,
FIXSTARIR_GENERAL_IPC_XM530_80X40.NAT.DSS.ONVIFS.HIK_V5.00.R02.20190814_ALL.BIN,uclibc,0.9.33.3,
FIXSTARIR_GENERAL_IPC_XM530_RA50X20_WIFIXM711.711.NAT.DSS.ONVIFS_V5.00.R02.20190725_ALL.BIN,uclibc,0.9.33.3,
FIXSTARIR_GENERAL_IPC_XM550_80X50.NAT.DSS.ONVIFS.HIK_V5.00.R02.20190718_ALL.BIN,uclibc,0.9.33.3,
FIXSTARIR_GENERAL_IPC_XM550_83X40.NAT.DSS.ONVIFS.HIK_V5.00.R02.20190802_ALL.BIN,uclibc,0.9.33.3,
FIXWARML_GENERAL_IPC_XM530_80X20.NAT.DSS.ONVIFS.HIK_V5.00.R02.20190816_ALL.BIN,uclibc,0.9.33.3,
FIXWARML_GENERAL_IPC_XM530_80X30.NAT.DSS.ONVIFS.HIK_V5.00.R02.20190814_ALL.BIN,uclibc,0.9.33.3,
FIXWARML_GENERAL_IPC_XM530_80X40.NAT.DSS.ONVIFS.HIK_V5.00.R02.20190814_ALL.BIN,uclibc,0.9.33.3,
FIXWARML_GENERAL_IPC_XM530_RA50X20_WIFIXM711.711.NAT.DSS.ONVIFS_V5.00.R02.20190725_ALL.BIN,uclibc,0.9.33.3,
FIXWARML_GENERAL_IPC_XM550_80X50.NAT.DSS.ONVIFS.HIK_V5.00.R02.20190718_ALL.BIN,uclibc,0.9.33.3,
FIXWARML_GENERAL_IPC_XM550_83X40.NAT.DSS.ONVIFS.HIK_V5.00.R02.20190802_ALL.BIN,uclibc,0.9.33.3,
GENERAL_HZXM_AMBARA5S_53A20L_TOSHIBA_V4.02.R11.20150708-ONVIF.BIN,busybox,1.19.3,cve-2018-20679|cve-2016-6301|cve-2015-9261|cve-2013-1813|cve-2011-2716
GENERAL_HZXM_IPC_GM8135S_50V10PL-S_V4.02.R12.NAT.ONVIFS.20161124_ALL.BIN,uclibc,0.9.33.2,cve-2017-9729|cve-2017-9728
GENERAL_HZXM_IPC_GM8135S_53V13PL-S_V4.02.R12.NAT.ONVIFS.20170711_ALL.BIN,uclibc,0.9.33.2,cve-2017-9729|cve-2017-9728
GENERAL_HZXM_IPC_GM8135S_R50V10_8188EU_V4.02.R12.NAT.ONVIFS.20170805_ALL.BIN,uclibc,0.9.33.2,cve-2017-9729|cve-2017-9728
GENERAL_HZXM_IPC_GM8135S_R53V13_8188EU_V4.02.R12.NAT.20170801_ALL.BIN,uclibc,0.9.33.2,cve-2017-9729|cve-2017-9728
GENERAL_HZXM_IPC_GM8135S_RM50V10_8188EU_V4.02.R12.NAT.20170719_ALL.BIN,uclibc,0.9.33.2,cve-2017-9729|cve-2017-9728
GENERAL_HZXM_IPC_HI3516A_83H50_AE_RT3070_V4.02.R12.NAT.ONVIFS.HIK.20180315_ALL_TL.BIN,uclibc,0.9.33.2,cve-2017-9729|cve-2017-9728
GENERAL_HZXM_IPC_HI3516CV200_53H20L_S38_V4.02.R12.NAT.ONVIFS.HIK.20180521_ALL.BIN,uclibc,0.9.33.2,cve-2017-9729|cve-2017-9728
GENERAL_HZXM_IPC_HI3516C_50H20L_S38_V4.02.R11.NAT.ONVIFS.20170720_ALL.BIN,uclibc,0.9.32.1,
GENERAL_HZXM_IPC_HI3516C_53H20L_S38_V4.02.R11.NAT.ONVIFS.20160511_ALL.BIN,uclibc,0.9.32.1,
GENERAL_HZXM_IPC_HI3516D_82H40AF_AE_2G_RT3070_V4.02.R12.NAT.ONVIFS.HIK.20180124_ALL_TL.BIN,uclibc,0.9.33.2,cve-2017-9729|cve-2017-9728
GENERAL_HZXM_IPC_HI3516D_83H20-FA_4G_V4.02.R12.NAT.ONVIFS.HIK.20180918_ALL.BIN,uclibc,0.9.33.2,cve-2017-9729|cve-2017-9728
GENERAL_HZXM_IPC_HI3516D_83H20-FA_AE_2G_V4.02.R12.NAT.ONVIFS.HIK.20180516_ALL.BIN,uclibc,0.9.33.2,cve-2017-9729|cve-2017-9728
GENERAL_HZXM_IPC_HI3516D_83H20AF_IVG_2G_V4.02.R12.NAT.ONVIFS.20180619_ALL.BIN,uclibc,0.9.33.2,cve-2017-9729|cve-2017-9728
GENERAL_HZXM_IPC_HI3516D_83H20AF_IVG_2G_V4.02.R12.NAT.ONVIFS.20180719_ALL.BIN,uclibc,0.9.33.2,cve-2017-9729|cve-2017-9728
GENERAL_HZXM_IPC_HI3516D_83H20AF_RT3070_V4.02.R12.NAT.ONVIFS.20170204_ALL.BIN,uclibc,0.9.33.2,cve-2017-9729|cve-2017-9728
GENERAL_HZXM_IPC_HI3516D_83H20_AE_RT3070_V4.02.R12.NAT.ONVIFS.HIK.20180307_ALL_TL.BIN,uclibc,0.9.33.2,cve-2017-9729|cve-2017-9728
GENERAL_HZXM_IPC_HI3516D_83H30_RT3070_V4.02.R12.NAT.ONVIFS.20170109_ALL.BIN,uclibc,0.9.33.2,cve-2017-9729|cve-2017-9728
GENERAL_HZXM_IPC_HI3516D_83H40AF_IVG_V4.02.R12.NAT.20170824_ALL.BIN,uclibc,0.9.33.2,cve-2017-9729|cve-2017-9728
GENERAL_HZXM_IPC_HI3516D_83H40AF_RT3070_V4.02.R12.NAT.ONVIFS.HIK.20180118_ALL_TL.BIN,uclibc,0.9.33.2,cve-2017-9729|cve-2017-9728
GENERAL_HZXM_IPC_HI3516D_83H40W_AE_2G_RT3070_V4.02.R12.NAT.ONVIFS.HIK.20180127_ALL_TL.BIN,uclibc,0.9.33.2,cve-2017-9729|cve-2017-9728
GENERAL_HZXM_IPC_HI3516D_83H40_2G_RT3070_V4.02.R12.NAT.ONVIFS.HIK.20180103_ALL.BIN,uclibc,0.9.33.2,cve-2017-9729|cve-2017-9728
GENERAL_HZXM_IPC_HI3516D_83H40_RT3070_V4.02.R12.NAT.ONVIFS.HIK.20180627_ALL_TL.BIN,uclibc,0.9.33.2,cve-2017-9729|cve-2017-9728
GENERAL_HZXM_IPC_HI3516D_83H50N_V4.03.R12.NAT.ONVIFS.HIK.20190428_ALL.BIN,uclibc,0.9.33.2,cve-2017-9729|cve-2017-9728
GENERAL_HZXM_IPC_HI3516D_N81820_RT3070_V4.02.R12.NAT.ONVIFS.HIK.20180828_ALL.BIN,uclibc,0.9.33.2,cve-2017-9729|cve-2017-9728
GENERAL_HZXM_IPC_HI3516D_N81840_RT3070_V4.02.R12.NAT.ONVIFS.HIK.20180330_ALL_TL.BIN,uclibc,0.9.33.2,cve-2017-9729|cve-2017-9728
GENERAL_HZXM_IPC_HI3516D_N83020L_V4.03.R12.NAT.ONVIFS.HIK.20190508_ALL.BIN,uclibc,0.9.33.2,cve-2017-9729|cve-2017-9728
GENERAL_HZXM_IPC_HI3516D_N83020_T_RT3070_V4.02.R12.NAT.ONVIFS.20171114_ALL_TL.BIN,uclibc,0.9.33.2,cve-2017-9729|cve-2017-9728
GENERAL_HZXM_IPC_HI3518C_50H10L_V4.02.R11.20140417_ALL.BIN,uclibc,0.9.32.1,
GENERAL_HZXM_IPC_HI3518C_53H13P_IMX138_S38_V4.02.R11.20140703_ALL.BIN,uclibc,0.9.32.1,
GENERAL_HZXM_IPC_HI3518C_53H13_S38_V4.02.R11.NAT.ONVIFS.20160427_ALL.BIN,uclibc,0.9.32.1,
GENERAL_HZXM_IPC_HI3518C_RA53H13_V4.02.R11.20140626_ALL.BIN,uclibc,0.9.32.1,
GENERAL_HZXM_IPC_HI3518EV200_50H10L_8188EU_S38_V4.02.R12.NAT.20170518_ALL.BIN,uclibc,0.9.33.2,cve-2017-9729|cve-2017-9728
GENERAL_HZXM_IPC_HI3518EV200_50H10L_FD_8188EU_S38_V4.02.R12.NAT.20180725_ALL.BIN,uclibc,0.9.33.2,cve-2017-9729|cve-2017-9728
GENERAL_HZXM_IPC_HI3518EV200_50H10L_S38_V4.02.R12.NAT.ONVIFS.HIK.20180127_ALL_TL.BIN,uclibc,0.9.33.2,cve-2017-9729|cve-2017-9728
GENERAL_HZXM_IPC_HI3518EV200_50H20L_8188EU_S38_V4.02.R12.NAT.20170113_ALL.BIN,uclibc,0.9.33.2,cve-2017-9729|cve-2017-9728
GENERAL_HZXM_IPC_HI3518EV200_50H20L_S38_V4.02.R12.NAT.ONVIFS.HIK.20180423_ALL_TL.BIN,uclibc,0.9.33.2,cve-2017-9729|cve-2017-9728
GENERAL_HZXM_IPC_HI3518EV200_50H20PE_AF_V4.02.R12.NAT.ONVIFS.HIK.20171221_ALL_TL.BIN,uclibc,0.9.33.2,cve-2017-9729|cve-2017-9728
GENERAL_HZXM_IPC_HI3518EV200_53H13_8188EU_S38_V4.02.R12.NAT.20170602_ALL.BIN,uclibc,0.9.33.2,cve-2017-9729|cve-2017-9728
GENERAL_HZXM_IPC_HI3518EV200_53H13_S38_V4.02.R12.NAT.ONVIFS.HIK.20180127_ALL_TL.BIN,uclibc,0.9.33.2,cve-2017-9729|cve-2017-9728
GENERAL_HZXM_IPC_HI3518EV200_53H13_V4.02.R12.NAT.ONVIFS.HIK.20180313_ALL.BIN,uclibc,0.9.33.2,cve-2017-9729|cve-2017-9728
GENERAL_HZXM_IPC_HI3518EV200_N51820N_V4.02.R12.NAT.ONVIFS.HIK.20180521_ALL_TL.BIN,uclibc,0.9.33.2,cve-2017-9729|cve-2017-9728
GENERAL_HZXM_IPC_HI3518EV200_RA50H20L-S_8188EU_S38_V4.02.R12.NAT.20171221_ALL_NL.BIN,uclibc,0.9.33.2,cve-2017-9729|cve-2017-9728
GENERAL_HZXM_IPC_HI3518EV200_RA50HV20_8188EU_S38_V4.02.R12.NAT.20180102_ALL_NL.BIN,uclibc,0.9.33.2,cve-2017-9729|cve-2017-9728
GENERAL_HZXM_IPC_HI3518EV200_RC50H10_8188EU_S38_V4.02.R12.NAT.ONVIFS.20170906_ALL.BIN,uclibc,0.9.33.2,cve-2017-9729|cve-2017-9728
GENERAL_HZXM_IPC_HI3518EV200_RC50H20_8188EU_S38_V4.02.R12.NAT.20170605_ALL.BIN,uclibc,0.9.33.2,cve-2017-9729|cve-2017-9728
GENERAL_HZXM_IPC_HI3518EV200_RC53H13_8188EU_S38_V4.02.R12.NAT.20170427_ALL.BIN,uclibc,0.9.33.2,cve-2017-9729|cve-2017-9728
GENERAL_HZXM_IPC_HI3518EV200_RM50H20L_S38_8188EU_V4.02.R12.NAT.20160712_ALL.BIN,uclibc,0.9.33.2,cve-2017-9729|cve-2017-9728
GENERAL_HZXM_IPC_HI3518E_50H10L_8188_S38_V4.02.R12.NAT.20170921_ALL.BIN,uclibc,0.9.32.1,
GENERAL_HZXM_IPC_HI3518E_50H10L_S38_V4.02.R12.NAT.ONVIFS.20170727_ALL.BIN,uclibc,0.9.32.1,
GENERAL_HZXM_IPC_HI3518E_53H13P_IMX138_S38_V4.02.R12.NAT.ONVIFS.HIK.20160920_ALL.BIN,uclibc,0.9.32.1,
GENERAL_HZXM_IPC_HI3518E_53H13Q_S38_V4.02.R12.NAT.ONVIFS.20160223_ALL.BIN,uclibc,0.9.32.1,
GENERAL_HZXM_IPC_HI3518E_53H13_8188_S38_V4.02.R12.NAT.20170112_ALL.BIN,uclibc,0.9.32.1,
GENERAL_HZXM_IPC_HI3518E_C50H10_8188_S38_V4.02.R12.20150526_ALL.BIN,uclibc,0.9.32.1,
GENERAL_HZXM_IPC_HI3518E_RA50H10L_8188_S38_V4.02.R12.NAT.20170215_ALL.BIN,uclibc,0.9.32.1,
GENERAL_HZXM_IPC_HI3518E_RA50H10L_S38_V4.02.R12.20141209_ALL.BIN,uclibc,0.9.32.1,
GENERAL_HZXM_IPC_HI3518E_RA53H13_8188_S38_V4.02.R12.NAT.20161024_ALL.BIN,uclibc,0.9.32.1,
GENERAL_HZXM__IPC_HI3516C_53H20AF_2880_RT3070_V4.02.R11.NAT.ONVIFS.20170107_ALL.BIN,uclibc,0.9.32.1,
GENERAL_HZXM__IPC_HI3516C_53H20AF_RT3070_V4.02.R11.NAT.ONVIFS.20170815_ALL.BIN,uclibc,0.9.32.1,
GENERAL_HZXM__IPC_HI3516C_53H20L_RT3070_V4.02.R11.NAT.ONVIFS.20160615_ALL.BIN,uclibc,0.9.32.1,
GENERAL_HZXM__IPC_HI3516C_N51820L_RT3070_V4.02.R11.NAT.ONVIFS.20171127_ALL.BIN,uclibc,0.9.32.1,
GENERAL_HZXM__IPC_HI3518C_50H10L_AE_RT3070_V4.02.R11.NAT.ONVIFS.20161110_ALL.BIN,uclibc,0.9.32.1,
GENERAL_HZXM__IPC_HI3518C_52H10_RT3070_V4.02.R11.NAT.ONVIFS.20151207_ALL.BIN,uclibc,0.9.32.1,
GENERAL_HZXM__IPC_HI3518C_53H13AF_2880_RT3070_V4.02.R11.NAT.ONVIFS.20170110_ALL.BIN,uclibc,0.9.32.1,
GENERAL_HZXM__IPC_HI3518C_53H13AF_RT3070_V4.02.R11.NAT.ONVIFS.20180108_ALL.BIN,uclibc,0.9.32.1,
GENERAL_HZXM__IPC_HI3518C_KA50H10L_RT3070_V4.02.R11.NAT.ONVIFS.20151207_ALL.BIN,uclibc,0.9.32.1,
GENERAL_HZXM__IPC_HI3518C_N51013_V4.02.R11.NAT.ONVIFS.20160810_ALL.BIN,uclibc,0.9.32.1,
GENERAL_HZXM__IPC_HI3518C_N51813L_RT3070_V4.02.R11.NAT.ONVIFS.20160928_ALL.BIN,uclibc,0.9.32.1,
GENERAL_HZXM__IPC_HI3518C_RA50H10L_RT3070_V4.02.R11.NAT.ONVIFS.20160921_ALL.BIN,uclibc,0.9.32.1,
GENERAL_IPC_XM510_50X10-SW-S_WIFINVRXM712.712.NAT_V5.00.R02.20180815_ALL.BIN,busybox,1.22.1,cve-2018-20679|cve-2016-6301|cve-2015-9261|cve-2014-9645,uclibc,0.9.33.3,
GENERAL_IPC_XM510_50X10-SWC-S_WIFINVRXM712.712.NAT_V5.00.R02.20181010_ALL.BIN,busybox,1.22.1,cve-2018-20679|cve-2016-6301|cve-2015-9261|cve-2014-9645,uclibc,0.9.33.3,
GENERAL_IPC_XM510_50X10-SWCL_WIFIXM712.712.NAT.DSS.ONVIFS_V5.00.R02.20190108_ALL.BIN,busybox,1.22.1,cve-2018-20679|cve-2016-6301|cve-2015-9261|cve-2014-9645,uclibc,0.9.33.3,
GENERAL_IPC_XM510_50X10-SWC_WIFIXM712.712.NAT.DSS.ONVIFS_V5.00.R02.20181203_ALL.BIN,busybox,1.22.1,cve-2018-20679|cve-2016-6301|cve-2015-9261|cve-2014-9645,uclibc,0.9.33.3,
GENERAL_IPC_XM510_50X10-SWI_WIFIXM712.712.NAT.DSS.ONVIFS_V5.00.R02.20190710_ALL.BIN,busybox,1.22.1,cve-2018-20679|cve-2016-6301|cve-2015-9261|cve-2014-9645,uclibc,0.9.33.3,
GENERAL_IPC_XM510_50X10-SWL-S_WIFIXM712.712.NAT.DSS_V5.00.R02.20181203_ALL.BIN,busybox,1.22.1,cve-2018-20679|cve-2016-6301|cve-2015-9261|cve-2014-9645,uclibc,0.9.33.3,
GENERAL_IPC_XM510_50X10-SW_WIFINVRXM712.712.NAT_V5.00.R02.20171106_ALL.BIN,busybox,1.22.1,cve-2018-20679|cve-2016-6301|cve-2015-9261|cve-2014-9645,uclibc,0.9.33.3,
GENERAL_IPC_XM510_50X20-SWC_WIFIXM712.712.NAT.DSS.ONVIFS_V5.00.R02.20180719_ALL.BIN,busybox,1.22.1,cve-2018-20679|cve-2016-6301|cve-2015-9261|cve-2014-9645,uclibc,0.9.33.3,
GENERAL_IPC_XM510_50X20-SWL_WIFIXM712.712.NAT.DSS_V5.00.R02.20181008_ALL.BIN,busybox,1.22.1,cve-2018-20679|cve-2016-6301|cve-2015-9261|cve-2014-9645,uclibc,0.9.33.3,
GENERAL_IPC_XM510_50X30-SWL_WIFIXM712.712.NAT.DSS_V5.00.R02.20180714_ALL.BIN,busybox,1.22.1,cve-2018-20679|cve-2016-6301|cve-2015-9261|cve-2014-9645,uclibc,0.9.33.3,
GENERAL_IPC_XM510_RA50X10-C-S_WIFIXM712.712.NAT.DSS_V5.00.R02.20190430_ALL.BIN,busybox,1.22.1,cve-2018-20679|cve-2016-6301|cve-2015-9261|cve-2014-9645,uclibc,0.9.33.3,
GENERAL_IPC_XM510_RA50X10-C_WIFIXM712.712.NAT.DSS.ONVIFS_V5.00.R02.20181008_ALL.BIN,busybox,1.22.1,cve-2018-20679|cve-2016-6301|cve-2015-9261|cve-2014-9645,uclibc,0.9.33.3,
GENERAL_IPC_XM510_RA50X10_WIFIXM712.712.NAT.DSS.ONVIFS_V5.00.R02.20181008_ALL.BIN,busybox,1.22.1,cve-2018-20679|cve-2016-6301|cve-2015-9261|cve-2014-9645,uclibc,0.9.33.3,
GENERAL_IPC_XM510_RA50X20-C_WIFIXM712.712.NAT.DSS.ONVIFS_V5.00.R02.20190605_ALL.BIN,busybox,1.22.1,cve-2018-20679|cve-2016-6301|cve-2015-9261|cve-2014-9645,uclibc,0.9.33.3,
GENERAL_IPC_XM510_RA50X20_WIFIXM712.712.NAT.DSS.ONVIFS_V5.00.R02.20181022_ALL.BIN,busybox,1.22.1,cve-2018-20679|cve-2016-6301|cve-2015-9261|cve-2014-9645,uclibc,0.9.33.3,
GENERAL_IPC_XM530_50X20-4G.NAT.DSS_V5.00.R02.20190827_ALL.BIN,uclibc,0.9.33.3,
GENERAL_IPC_XM530_50X20-BMC_WIFIXM711.711.NAT_V5.00.R02.20190704_ALL.BIN,uclibc,0.9.33.3,
GENERAL_IPC_XM530_50X20-CARD_WIFIXM711.711.NAT.DSS.ONVIFS_V5.00.R02.20190820_ALL.BIN,uclibc,0.9.33.3,
GENERAL_IPC_XM530_50X20-SW_WIFIXM712.712.NAT.DSS.ONVIFS_V5.00.R02.20190606_ALL.BIN,uclibc,0.9.33.3,
GENERAL_IPC_XM530_50X20-WNS_WIFINVRXM712.712.NAT_V5.00.R02.20190816_ALL.BIN,uclibc,0.9.33.3,
GENERAL_IPC_XM530_50X20-WN_WIFINVRXM713.713.NAT_V5.00.R02.20190816_ALL.BIN,uclibc,0.9.33.3,
GENERAL_IPC_XM530_80X20.NAT.DSS.ONVIFS.HIK_V5.00.R02.20190816_ALL.BIN,uclibc,0.9.33.3,
GENERAL_IPC_XM530_80X30.NAT.DSS.ONVIFS.HIK_V5.00.R02.20190814_ALL.BIN,uclibc,0.9.33.3,
GENERAL_IPC_XM530_80X40.NAT.DSS.ONVIFS.HIK_V5.00.R02.20190814_ALL.BIN,uclibc,0.9.33.3,
GENERAL_IPC_XM530_R80X20-PQ_WIFIXM711.711.NAT.DSS.ONVIFS_V5.00.R02.20190613_ALL.BIN,uclibc,0.9.33.3,
GENERAL_IPC_XM530_RA50X10_WIFIXM711.711.NAT.DSS.ONVIFS_V5.00.R02.20190808_ALL.BIN,uclibc,0.9.33.3,
GENERAL_IPC_XM530_RA50X20_WIFIXM711.711.NAT.DSS.ONVIFS_V5.00.R02.20190725_ALL.BIN,uclibc,0.9.33.3,
GENERAL_IPC_XM550_50X40-SW_WIFIXM712.712.NAT.DSS.ONVIFS_V5.00.R02.20190726_ALL.BIN,uclibc,0.9.33.3,
GENERAL_IPC_XM550_50X50-SW_WIFIXM712.712.NAT.DSS.ONVIFS_V5.00.R02.20190729_ALL.BIN,uclibc,0.9.33.3,
GENERAL_IPC_XM550_80X50.NAT.DSS.ONVIFS.HIK_V5.00.R02.20190718_ALL.BIN,uclibc,0.9.33.3,
GENERAL_IPC_XM550_83X40.NAT.DSS.ONVIFS.HIK_V5.00.R02.20190802_ALL.BIN,uclibc,0.9.33.3,
GENERAL_IPC_XM550_85X20-CP.NAT.DSS.ONVIFS_V5.00.R02.20190612_ALL.BIN,uclibc,0.9.33.3,
GENERAL_IPC_XM550_85X20-FI.NAT.DSS.ONVIFS.HIK_V5.00.R02.20190819_ALL.BIN,uclibc,0.9.33.3,
GENERAL_IPC_XM550_RA50X40_WIFIXM711.711.NAT.DSS.ONVIFS_V5.00.R02.20190709_ALL.BIN,uclibc,0.9.33.3,
GENERAL_JVFENG_IPC_HI3516D_83H40W_AE_2G_RT3070_V4.02.R12.NAT.ONVIFS.20180127_ALL_UL.BIN,uclibc,0.9.33.2,cve-2017-9729|cve-2017-9728
GENERAL_WIFI_NVR_IPC_HI3516D_83H40_2G_V4.02.R12.NAT.20180313_ALL.BIN,uclibc,0.9.33.2,cve-2017-9729|cve-2017-9728
GENERAL_WIFI_NVR_IPC_HI3518EV200_50H10L_S38_V4.02.R12.NAT.20171222_ALL_ZL.BIN,uclibc,0.9.33.2,cve-2017-9729|cve-2017-9728
GENERAL_WIFI_NVR_IPC_HI3518EV200_50H10L_S38_XM711_V4.02.R12.NAT.20180126_ALL_ZL.BIN,uclibc,0.9.33.2,cve-2017-9729|cve-2017-9728
GENERAL_WIFI_NVR_IPC_HI3518EV200_50H20L_S38_V4.02.R12.NAT.20171222_ALL_ZL.BIN,uclibc,0.9.33.2,cve-2017-9729|cve-2017-9728
GENERAL_WIFI_NVR_IPC_HI3518EV200_50H20L_S38_XM711_V4.02.R12.NAT.20180126_ALL_ZL.BIN,uclibc,0.9.33.2,cve-2017-9729|cve-2017-9728
GENERAL_WIFI_NVR_IPC_HI3518EV200_53H13_S38_V4.02.R12.NAT.20171219_ALL_ZL.BIN,uclibc,0.9.33.2,cve-2017-9729|cve-2017-9728
GENERAL_WIFI_NVR_IPC_HI3518EV200_53H13_S38_XM711_V4.02.R12.NAT.20180126_ALL_ZL.BIN,uclibc,0.9.33.2,cve-2017-9729|cve-2017-9728
GENERAL_XM510_50X10.NAT.ONVIFS_V5.00.R01.20170718_ALL.BIN,busybox,1.22.1,cve-2018-20679|cve-2016-6301|cve-2015-9261|cve-2014-9645,uclibc,0.9.33.3,
GENERAL_XM510_53X13.NAT.ONVIFS_V5.00.R01.20171018_ALL.BIN,busybox,1.22.1,cve-2018-20679|cve-2016-6301|cve-2015-9261|cve-2014-9645,uclibc,0.9.33.3,
GENERAL_XM530_BMS50X20.NAT.DSS_V4.03.R15.20190704_ALL.BIN,uclibc,0.9.33.3,
ROMFS-X.CRAMFS.IMG,uclibc,0.9.32.1,
XMJP_GENERAL_HI3518C_C52H10_8188EU_V4.02.R11.NAT.20151231_ALL.BIN,uclibc,0.9.32.1,
XMJP_GENERAL_HI3518EV200_50H20L-S_S38_8188EU_V4.02.R12.NAT.20160825_ALL.BIN,uclibc,0.9.33.2,cve-2017-9729|cve-2017-9728
XMJP_GENERAL_HI3518EV200_RM50H10L_8188EU_S38_V4.02.R12.NAT.20161015_ALL.BIN,uclibc,0.9.33.2,cve-2017-9729|cve-2017-9728
XMJP_GENERAL_HI3518EV200_RM50H20L_8188EU_S38_V4.02.R12.NAT.20161026_ALL.BIN,uclibc,0.9.33.2,cve-2017-9729|cve-2017-9728
XMJP_GENERAL_HI3518EV200_RX50H20E-RF_8188EU_S38_V4.02.R12.NAT.20180619_ALL.BIN,uclibc,0.9.33.2,cve-2017-9729|cve-2017-9728
XMJP_GENERAL_HI3518E_50H10L_8188_S38_V4.02.R12.NAT.20160603_ALL.BIN,uclibc,0.9.32.1,
XMJP_GENERAL_HI3518E_53H13_8188_S38_V4.02.R12.NAT.20160215_ALL.BIN,uclibc,0.9.32.1,
XMJP_GENERAL_HI3518E_C50H10_8188_S38_V4.02.R12.NAT.20160715_ALL.BIN,uclibc,0.9.32.1,
XMJP_GENERAL_LITEOS_HI3516D_S83H20_AP6452_V1.02.LITEOS.20181009_ALL.BIN,httpd,0.0.1,,iperf,2.0.5,,libavformat,56.15.102,
XMJP_GENERAL_LITEOS_HI3516D_S83H40_AP6452_V1.01.LITEOS.20160513_ALL.BIN,httpd,0.0.1,,iperf,2.0.5,,libavformat,56.15.102,
XMJP_IPC_XM510_50X10-XYD_WIFIXM712.712.NAT.DSS_V5.00.R02.20180926_ALL.BIN,busybox,1.22.1,cve-2018-20679|cve-2016-6301|cve-2015-9261|cve-2014-9645,uclibc,0.9.33.3,
XMJP_IPC_XM510_RA50X10_WIFI.6051.NAT.DSS_V5.00.R02.20181225_ALL.BIN,busybox,1.22.1,cve-2018-20679|cve-2016-6301|cve-2015-9261|cve-2014-9645,uclibc,0.9.33.3,
XMJP_IPC_XM510_RA50X10_WIFIXM712.712.NAT.DSS_V5.00.R02.20181105_ALL.BIN,busybox,1.22.1,cve-2018-20679|cve-2016-6301|cve-2015-9261|cve-2014-9645,uclibc,0.9.33.3,
XMJP_IPC_XM510_RA50X20_WIFIXM712.712.NAT.DSS_V5.00.R02.20180525_ALL.BIN,busybox,1.22.1,cve-2018-20679|cve-2016-6301|cve-2015-9261|cve-2014-9645,uclibc,0.9.33.3,
XMJP_IPC_XM530_50X20-HC_WIFIXM711.711.NAT.DSS.ONVIFS_V5.00.R02.20190720_ALL.BIN,uclibc,0.9.33.3,
XMJP_IPC_XM530_RB50X20_WIFIXM711.711.NAT.DSS_V5.00.R02.20190801_ALL.BIN,uclibc,0.9.33.3,
XMJP_IPC_XM530_RC50X20_WIFIXM711.711.NAT.DSS.ONVIFS_V5.00.R02.20190817_ALL.BIN,uclibc,0.9.33.3,
XMJP_IPC_XM530_RD50X20_WIFIXM711.711.NAT.DSS_V5.00.R02.20190820_ALL.BIN,uclibc,0.9.33.3,
XMJP_XMJP_HI3516D_83H40EB-F2_V4.03.R12.NAT.ONVIFS.20181129_ALL.BIN,uclibc,0.9.33.2,cve-2017-9729|cve-2017-9728
XMJP_XMJP_HI3516D_83H40F-F2_2G_8188EU_V4.02.R12.NAT.20190128_ALL.BIN,uclibc,0.9.33.2,cve-2017-9729|cve-2017-9728
XMJP_XMJP_HI3516D_83H50EF-F4_2G_8188EU_V4.02.R12.NAT.20190128_ALL.BIN,uclibc,0.9.33.2,cve-2017-9729|cve-2017-9728
XMJP_XMJP_HI3516D_83H50F-F4_2G_8188EU_V4.02.R12.NAT.20190128_ALL.BIN,uclibc,0.9.33.2,cve-2017-9729|cve-2017-9728
XMJP_XMJP_HI3518C_C52H10_8188EU_V4.02.R11.NAT.20151218_ALL.BIN,uclibc,0.9.32.1,
XMJP_XMJP_HI3518EV200_50H10-B_8188EU_S38_V4.02.R12.NAT.20170703_ALL.BIN,uclibc,0.9.33.2,cve-2017-9729|cve-2017-9728
XMJP_XMJP_HI3518EV200_50H10L-S_8188EU_S38_V4.02.R12.NAT.20170720_ALL.BIN,uclibc,0.9.33.2,cve-2017-9729|cve-2017-9728
XMJP_XMJP_HI3518EV200_50H20F_LB_8188EU_S38_V4.03.R12.NAT.20190128_ALL.BIN,uclibc,0.9.33.2,cve-2017-9729|cve-2017-9728
XMJP_XMJP_HI3518EV200_50H20L-E_8188EU_S38_V4.03.R12.NAT.20190128_ALL.BIN,uclibc,0.9.33.2,cve-2017-9729|cve-2017-9728
XMJP_XMJP_HI3518EV200_50H20L-S_S38_8188EU_V4.02.R12.NAT.20170712_ALL.BIN,uclibc,0.9.33.2,cve-2017-9729|cve-2017-9728
XMJP_XMJP_HI3518EV200_53H13-B_8188EU_S38_V4.02.R12.NAT.20170703_ALL.BIN,uclibc,0.9.33.2,cve-2017-9729|cve-2017-9728
XMJP_XMJP_HI3518EV200_53H13-E_8188EU_S38_V4.02.R12.NAT.20190128_ALL.BIN,uclibc,0.9.33.2,cve-2017-9729|cve-2017-9728
XMJP_XMJP_HI3518EV200_53H13-S_8188EU_S38_V4.02.R12.NAT.20170720_ALL.BIN,uclibc,0.9.33.2,cve-2017-9729|cve-2017-9728
XMJP_XMJP_HI3518EV200_53H20EF_F4_8188EU_S38_V4.03.R12.NAT.20190128_ALL.BIN,uclibc,0.9.33.2,cve-2017-9729|cve-2017-9728
XMJP_XMJP_HI3518EV200_53H20F-F2_8188EU_S38_V4.03.R12.NAT.20190128_ALL.BIN,uclibc,0.9.33.2,cve-2017-9729|cve-2017-9728
XMJP_XMJP_HI3518EV200_53H20F-F4_8188EU_S38_V4.03.R12.NAT.20190128_ALL.BIN,uclibc,0.9.33.2,cve-2017-9729|cve-2017-9728
XMJP_XMJP_HI3518EV200_53H20L-S_8188EU_S38_V4.02.R12.NAT.20171111_ALL_UL.BIN,uclibc,0.9.33.2,cve-2017-9729|cve-2017-9728
XMJP_XMJP_HI3518EV200_53H20L_BLG_8188EU_S38_V4.02.R12.NAT.20190128_ALL.BIN,uclibc,0.9.33.2,cve-2017-9729|cve-2017-9728
XMJP_XMJP_HI3518EV200_53H20L_BLG_S38_XM711_V4.02.R12.NAT.20170616_ALL.BIN,uclibc,0.9.33.2,cve-2017-9729|cve-2017-9728
XMJP_XMJP_HI3518EV200_53H20L_F2_BLG_8188EU_S38_V4.02.R12.NAT.20170914_ALL_UL.BIN,uclibc,0.9.33.2,cve-2017-9729|cve-2017-9728
XMJP_XMJP_HI3518EV200_53H20L_F2_BLG_S38_XM711_V4.02.R12.NAT.20170623_ALL.BIN,uclibc,0.9.33.2,cve-2017-9729|cve-2017-9728
XMJP_XMJP_HI3518EV200_53H20L_F4_BLG_8188EU_S38_V4.02.R12.NAT.20170914_ALL_UL.BIN,uclibc,0.9.33.2,cve-2017-9729|cve-2017-9728
XMJP_XMJP_HI3518EV200_53H20L_F4_BLG_S38_XM711_V4.02.R12.NAT.20170619_ALL.BIN,uclibc,0.9.33.2,cve-2017-9729|cve-2017-9728
XMJP_XMJP_HI3518EV200_53H20_POWERSTRIP_8188EU_S38_V4.02.R12.NAT.20180607_ALL.BIN,uclibc,0.9.33.2,cve-2017-9729|cve-2017-9728
XMJP_XMJP_HI3518EV200_53H20_SOCKET_8188EU_S38_V4.02.R12.NAT.20180719_ALL.BIN,uclibc,0.9.33.2,cve-2017-9729|cve-2017-9728
XMJP_XMJP_HI3518EV200_RM50H10L_8188EU_S38_V4.02.R12.NAT.20171013_ALL_UL.BIN,uclibc,0.9.33.2,cve-2017-9729|cve-2017-9728
XMJP_XMJP_HI3518EV200_RM50H20L-RF_8188EU_S38_V4.02.R12.NAT.20180404_ALL.BIN,uclibc,0.9.33.2,cve-2017-9729|cve-2017-9728
XMJP_XMJP_HI3518EV200_RM50H20L-S_8188EU_S38_V4.03.R12.NAT.20190212_ALL.BIN,uclibc,0.9.33.2,cve-2017-9729|cve-2017-9728
XMJP_XMJP_HI3518EV200_RM50H20L_8188EU_S38_V4.03.R12.NAT.20190212_ALL.BIN,uclibc,0.9.33.2,cve-2017-9729|cve-2017-9728
XMJP_XMJP_HI3518EV200_RM53H13_8188EU_S38_V4.03.R12.NAT.20181207_ALL.BIN,uclibc,0.9.33.2,cve-2017-9729|cve-2017-9728
XMJP_XMJP_HI3518EV200_RM53H13_8188EU_S38_V4.03.R12.NAT.20190128_ALL.BIN,uclibc,0.9.33.2,cve-2017-9729|cve-2017-9728
XMJP_XMJP_HI3518EV200_RX50H20E-RF_8188EU_S38_V4.03.R12.NAT.20190128_ALL.BIN,uclibc,0.9.33.2,cve-2017-9729|cve-2017-9728
XMJP_XMJP_HI3518EV200_RX50H20L-ES_8188EU_S38_V4.02.R12.NAT.20190128_ALL.BIN,uclibc,0.9.33.2,cve-2017-9729|cve-2017-9728
XMJP_XMJP_HI3518EV200_RX50H20L-E_8188EU_S38_V4.03.R12.NAT.20190128_ALL.BIN,uclibc,0.9.33.2,cve-2017-9729|cve-2017-9728
XMJP_XMJP_HI3518EV200_RX50H20L_8188EU_S38_V4.03.R12.NAT.20190128_ALL.BIN,uclibc,0.9.33.2,cve-2017-9729|cve-2017-9728
XMJP_XMJP_HI3518EV200_RX53H13_8188EU_S38_V4.03.R12.NAT.20190128_ALL.BIN,uclibc,0.9.33.2,cve-2017-9729|cve-2017-9728
XMJP_XMJP_HI3518E_50H10L_8188_S38_V4.02.R12.NAT.20160603_ALL.BIN,uclibc,0.9.32.1,
XMJP_XMJP_HI3518E_53H13_8188_S38_V4.02.R12.20151026_ALL.BIN,uclibc,0.9.32.1,
XMJP_XMJP_HI3518E_C50H10_8188_S38_V4.02.R12.NAT.20160715_ALL.BIN,uclibc,0.9.32.1,
XMJP_XMJP_HI3518E_RA50H10L-H_8188_S38_V4.02.R12.NAT.20151207_ALL.BIN,uclibc,0.9.32.1,
XMJP_XMJP_LITEOS_HI3516D_C83H40_AP6452_V1.03.LITEOS.20161101_ALL.BIN,httpd,0.0.1,,iperf,2.0.5,,libavformat,56.15.102,
XMJP_XMJP_LITEOS_HI3516D_S83H20_AP6452_V1.02.LITEOS.20161202_ALL.BIN,httpd,0.0.1,,iperf,2.0.5,,libavformat,56.15.102,
XMJP_XMJP_LITEOS_HI3516D_S83H40_AP6452_V1.02.LITEOS.20161202_ALL.BIN,httpd,0.0.1,,iperf,2.0.5,,libavformat,56.15.102,
XMJP_XMJP_LITEOS_HI3518EV200_C50H20N_8188EU_V1.01.LITEOS.20170731_ALL.BIN,httpd,0.0.1,,iperf,2.0.5,,libavformat,56.4.101,,wpa_supplicant,2.2,cve-2019-16275|cve-2019-11555|cve-2018-14526|cve-2017-13088|cve-2017-13087|cve-2017-13086|cve-2017-13084|cve-2017-13082|cve-2017-13081|cve-2017-13080|cve-2017-13079|cve-2017-13078|cve-2017-13077|cve-2015-5316|cve-2015-5315|cve-2015-5314|cve-2015-4146|cve-2015-4145|cve-2015-4144|cve-2015-4143|cve-2015-4142|cve-2015-4141|cve-2015-1863|cve-2014-3686
XMJP_XMJP_LITEOS_HI3518EV200_C50H20_8188EU_V1.01.LITEOS.20170630_ALL.BIN,httpd,0.0.1,,iperf,2.0.5,,libavformat,56.4.101,,wpa_supplicant,2.2,cve-2019-16275|cve-2019-11555|cve-2018-14526|cve-2017-13088|cve-2017-13087|cve-2017-13086|cve-2017-13084|cve-2017-13082|cve-2017-13081|cve-2017-13080|cve-2017-13079|cve-2017-13078|cve-2017-13077|cve-2015-5316|cve-2015-5315|cve-2015-5314|cve-2015-4146|cve-2015-4145|cve-2015-4144|cve-2015-4143|cve-2015-4142|cve-2015-4141|cve-2015-1863|cve-2014-3686
